state,lat,lon,classes,facility_types,route_ids,route_names,flips_verdict,twin_rule_resolves
WI,45.708157,-92.662646,4|5,6|2,48314|48313,STH  048W|STH  048E,no,yes
WI,45.575913,-92.479653,5|4,6|2,18465|5906,STH  048W|STH  048E,no,yes
WI,44.875705,-92.196885,4|5,2|6,10962|23520,STH  128N|STH  128S,no,yes
WI,45.038204,-92.754226,3|4,6|2,16956|4397,STH  035S|STH  035N,no,yes
WI,46.099951,-91.828826,4|3,2|6,61486|61487,STH  077E|STH  077W,no,yes
WI,46.178946,-91.105297,7|6|6|7,6|6|6|6,2982978|5639441|5639440|2978582,||Lost Land Lake Rd|W Lost Land Lake Rd,urban only,no
WI,45.776101,-91.221245,7|6|7|6,6|6|6|6,5073875|3424541|5073874|3421308,Edwards Rd|CTH H||,urban only,no
WI,43.788964,-90.540685,6|5,6|6,5213769|5213768,CTH Z|,rural only,no
WI,43.574381,-90.638088,5|4,6|2,22098|9546,STH  082W|STH  082E,no,yes
WI,43.57436,-90.633425,4|5,6|2,22099|9547,STH  082W|STH  082E,no,yes
WI,43.121507,-90.367931,5|4,2|6,52964|52965,STH  080N|STH  080S,no,yes
WI,42.980085,-90.32993,5|4,2|6,9300|21852,STH  080N|STH  080S,no,yes
WI,44.953477,-90.079048,4|3,2|6,44717|44718,STH  097N|STH  097S,no,yes
WI,42.580257,-90.01362,5|4,2|6,9142|21695,STH  078N|STH  078S,no,yes
WI,42.846281,-89.808068,4|5,2|6,52575|52576,STH  039E|STH  039W,no,yes
WI,43.691303,-89.050949,5|4,6|2,17916|5354,STH  044S|STH  044N,no,yes
WI,45.218581,-88.996146,6|5,6|2,19038|6472,STH  052W|STH  052E,rural only,yes
WI,45.169282,-89.103068,6|3,2|6,6463|19029,STH  052E|STH  052W,rural only,yes
WI,45.216162,-89.008718,5|6,2|6,6471|19037,STH  052E|STH  052W,rural only,yes
WI,45.680276,-89.372649,4|3,2|6,1955|14508,STH  017N|STH  017S,no,yes
WI,45.965594,-89.219383,4|5,6|2,14528|1975,STH  017S|STH  017N,no,yes
WI,45.559245,-88.675389,4|5,2|6,3922|16493,STH  032N|STH  032S,no,yes
WI,45.660869,-88.872341,4|5,6|2,54870|54869,STH  055S|STH  055N,no,yes
WI,45.391608,-88.328863,5|5|7|7,2|6|6|6,5258839|5258840|3851334|3858158,CTH C||Bluebird Rd|,yes,no
WI,44.84974,-92.602562,4|3,2|6,26415|26416,STH  029E|STH  029W,no,yes
WI,44.945839,-92.288066,7|5,6|2,5028728|5028727,|Church St,yes,no
WI,44.968777,-92.372453,3|5,6|2,13416|851,USH  012W|USH  012E,no,yes
WI,45.043051,-91.89281,4|5,6|2,24580|12029,STH  170W|STH  170E,no,yes
WI,44.923345,-91.970579,5|4,6|2,13435|870,USH  012W|USH  012E,no,yes
WI,45.014115,-91.352662,4|5,6|2,24754|12202,STH  178S|STH  178N,no,yes
WI,46.015562,-91.480019,7|6,6|6,5220594|5089580,|Davis Ave,urban only,no
WI,42.827949,-90.691848,4|3,2|6,7660|20221,USH  061N|USH  061S,no,yes
WI,42.689234,-90.573405,7|5|7|5,6|2|6|6,4430790|4425385|4425387|4430788,|CTH O|Old CTH O|,yes,no
WI,43.124439,-90.705756,7|6,6|6,5566865|5566864,Wisconsin Ave|,urban only,no
WI,43.449623,-90.75948,4|3,2|6,11040|23597,STH  131N|STH  131S,no,yes
WI,43.55615,-90.809036,4|5,6|2,22088|9536,STH  082W|STH  082E,no,yes
WI,43.602189,-90.78192,6|6|7|7,6|6|6|6,1999288|2003080|1999850|2003638,CTH Y|||Widner St,urban only,no
WI,42.680137,-90.117906,4|5,6|6,45330|22017,OFF C023W|STH  081W,no,no
WI,43.031519,-89.729226,3|4,6|2,21746|9193,STH  078S|STH  078N,no,yes
WI,43.310462,-89.694969,5|6,6|2,24892|12341,STH  188S|STH  188N,rural only,yes
WI,43.47479,-89.768789,3|2,2|6,4040|25114,STH  033E|STH  033W,no,yes
WI,43.544711,-89.891632,3|4,6|2,51334|51333,STH  023W|STH  023E,no,yes
WI,43.627087,-89.752936,3|5,6|2,15223|2667,STH  023W|STH  023E,no,yes
WI,43.612335,-89.587945,7|6,6|2,23508|10950,STH  127W|STH  127E,urban only,yes
WI,43.606181,-89.580011,6|5,6|2,23509|10951,STH  127W|STH  127E,rural only,yes
WI,42.86031,-89.547563,3|5,6|2,20997|8438,STH  069S|STH  069N,no,yes
WI,44.312977,-89.926974,5|4,6|2,24656|12103,STH  173S|STH  173N,no,yes
WI,42.852611,-89.361751,5|4,6|2,48522|48521,STH  092W|STH  092E,no,yes
WI,42.831498,-89.30297,4|5,6|2,19930|7369,STH  059W|STH  059E,no,yes
WI,44.377552,-89.092738,4|3,2|6,6059|18619,STH  049N|STH  049S,no,yes
WI,43.350477,-89.038156,3|5,4|1,31044|31045,OFF C060E|STH  060W,no,no
WI,43.094564,-88.908532,4|3,6|2,45391|9839,STH  089S|STH  089N,no,yes
WI,42.632966,-88.658908,3|4,6|2,13346|778,STH  011W|STH  011E,no,yes
WI,44.277327,-88.788292,6|7|7|6,6|6|6|6,4100013|4100012|4104999|4105000,||Popeyes Ln|CTH H,urban only,no
WI,43.597337,-88.450251,4|5,2|6,12149|24701,STH  175N|STH  175S,no,yes
WI,42.856822,-88.715324,4|3,2|6,7407|19966,STH  059E|STH  059W,no,yes
WI,44.022541,-88.150407,3|4,6|2,24194|11629,USH  151S|USH  151N,no,yes
WI,44.806475,-88.456187,4|3,2|6,2537|15095,STH  022N|STH  022S,no,yes
WI,42.582104,-88.218175,3|4,6|4,26225|26350,STH  083S|OFF C050E,no,no
WI,44.206118,-87.618971,3|4,6|2,23990|11427,STH  147S|STH  147N,no,yes
WI,44.210101,-87.559904,4|3,2|6,5080|17638,STH  042N|STH  042S,no,yes
WI,43.627486,-89.759036,4|3,6|2,25132|1212,STH  016W|STH  013N,no,no
WI,44.991885,-89.566987,4|3,2|6,6436|19002,STH  052E|STH  052W,no,yes
WI,42.91876,-89.278775,4|3,2|6,11182|23738,STH  138N|STH  138S,no,yes
WI,43.1775,-89.156699,3|4,6|2,47641|47640,STH  019W|STH  019E,no,yes
WI,42.93523,-88.808695,4|3,2|6,10528|23086,STH  106E|STH  106W,no,yes
WI,42.929898,-88.837033,4|3,6|1,49915|13717,STH  089S|USH  012W,no,no
WI,43.944793,-88.503384,3|4,6|2,18104|5544,USH  045S|USH  045N,no,yes
WI,42.672514,-88.963417,5|7,2|6,3865818|3874813,S Wuthering Hills Dr|,yes,no
WI,44.444116,-87.920437,4|3,2|6,3591|16150,STH  029E|STH  029W,no,yes
WI,43.882716,-91.234264,3|4,2|6,57895|52799,STH  035N|STH  035S,no,yes
WI,44.398339,-89.844708,7|5,6|2,3300436|3307177,|High St,yes,no
WI,44.398322,-89.842221,7|5,6|2,3304422|3311166,|High St,yes,no
WI,44.398332,-89.843551,7|5,6|2,3304423|3311167,|High St,yes,no
WI,43.195585,-88.721842,7|4,6|6,4615977|4766577,N Third St|,yes,no
WI,43.195585,-88.721842,4|7,6|6,4766576|4615969,|N Third St,yes,no
WI,44.266781,-88.407259,4|7,6|6,5609629|5609630,|N Appleton St,yes,no
WI,42.581695,-87.818695,5|7,6|6,5583550|5583553,|6th Ave A,yes,no
WI,42.581393,-87.818909,5|7,6|6,5583551|5583552,|6th Ave A,yes,no
WI,43.021075,-87.918267,4|3,6|2,17203|53749,STH  038S|STH  038N,no,yes
WI,43.040324,-87.959622,5|7,6|6,4546271|5491601,|W Wells St,yes,no
WI,43.040311,-87.956435,4|7,6|6,4546270|5491603,|W Wells St,yes,no
WI,43.040305,-87.957722,4|7,6|6,4546269|5491602,|W Wells St,yes,no
MN,44.942254,-95.72332,5|4,6|2,0500023953770103-D|0500023953770103-I,|1st St,no,yes
MN,44.028521,-92.648287,6|5,2|6,0400006595000005-I|0400006595000005-D,|,rural only,yes
MN,43.9972,-92.640036,5|6,6|2,0400006595000005-D|0400006595000005-I,|,rural only,yes
MN,45.087242,-93.360075,6|7,6|2,0500023934290115-D|0500023934290115-I,|73rd Ave,urban only,yes
OH,41.25309,-83.252826,5|7,5|2,CSENCR00062**C|CSANCR00001**C,W CR 62|CR 1,yes,no
OH,40.649449,-84.107827,6|7,2|5,CAUGCR00191**C|TALLTR00191A*C,MCCLAIN RD|MCCLAIN RD,urban only,no
